Barcode,cell types
AAACAACGAATAGTTC-1,panin1
AAACCGTTCGTCCAGG-1,pancreatitis3
AAACGGGTTGGTATCC-1,panin1
AAACTGCTGGCTCCAA-1,pancreatitis1
AAAGACCCAAGTCGCG-1,pancreatitis2
AAAGGCCCTATAATAC-1,pancreatitis3
AAAGGCTACGGACCAT-1,pancreatitis3
AAAGGGATGTAGCAAG-1,pancreatitis2
AAAGTCACTGATGTAA-1,pancreatitis2
AAATCGTGTACCACAA-1,pancreatitis1
AAATTGATAGTCCTTT-1,pancreatitis3
AAATTGCGGCGGTTCT-1,panin1
AACAATACATTGTCGA-1,pancreatitis3
AACAATTACTCTACGC-1,panin2
AACACGCGGCCGCGAA-1,panin1
AACAGCTGTGTGGCAA-1,pancreatitis3
AACAGGAAATCGAATA-1,pancreatitis2
AACAGGATGGGCCGCG-1,panin2
AACATTGAAGTTGATC-1,pancreatitis3
AACATTGGTCAGCCGT-1,panin1
AACATTGTGACTCGAG-1,pancreatitis3
AACCCAGAGACGGAGA-1,pancreatitis2
AACCCGACAACCCGTG-1,pancreatitis3
AACCGAGCTTGGTCAT-1,pancreatitis2
AACGATAGAAGGGCCG-1,pancreatitis2
AACGCGAACGGCAACA-1,panin1
AACGCGGTCTCCAGCC-1,pancreatitis2
AACGGCCATCTCCGGT-1,pancreatitis3
AACGTACTGTGGGTAC-1,pancreatitis3
AACGTCAGACTAGTGG-1,panin2
AACTCAAGTTAATTGC-1,panin2
AACTCGATAAACACGT-1,panin1
AACTCGATGGCGCAGT-1,panin1
AACTCTCAGTGTGCTC-1,pancreatitis3
AACTGATATTAGGCCT-1,pancreatitis2
AACTGGGTCCCGACGT-1,pancreatitis2
AACTTGCCCGTATGCA-1,panin2
AAGACCCAACTGAACA-1,pancreatitis3
AAGACTAACCCGTTGT-1,panin1
AAGACTGCAAGCTACT-1,pancreatitis1
AAGAGATGAATCGGTA-1,panin2
AAGATGGCACCGGACC-1,pancreatitis3
AAGCCGCCGTGAAATC-1,pancreatitis3
AAGCGTCCCTCATCGA-1,pancreatitis3
AAGGCGCGTAAAGCTT-1,panin2
AAGGGAACGACTGGCT-1,pancreatitis3
AAGGGACTATGCATTC-1,pancreatitis3
AAGTAGAAGACCGGGT-1,pancreatitis2
AAGTGAGTCGGGTTTA-1,pancreatitis3
AATAACACTAGAACAA-1,pancreatitis3
AATACCGGAGGGCTGT-1,pancreatitis3
AATCAGACTGCAGGAC-1,panin1
AATCAGGTTTCATTTA-1,pancreatitis3
AATCCAAGGGCCTGAG-1,pancreatitis2
AATCCATGCAAGGGTG-1,panin1
AATCGCCTCAGCGCCA-1,pancreatitis1
AATGTGCCCGAGGTGT-1,pancreatitis3
AATGTGCTAATCTGAG-1,pancreatitis3
AATTCCAACTTGGTGA-1,panin1
ACAACGGTCCCTGCGA-1,panin2
ACAAGCAGTGCCTAGC-1,panin2
ACAATGAATACGGAGA-1,pancreatitis3
ACACCTTAAGTAGGGC-1,panin2
ACACGGGAACTTAGGG-1,pancreatitis2
ACAGCATAGAGCCAGT-1,pancreatitis2
ACAGGTGGAGGTGAGG-1,pancreatitis3
ACATAATAAGGCGGTG-1,pancreatitis2
ACATCGATCGTTTACC-1,pancreatitis1
ACATGGCTCAATTTAG-1,panin1
ACCAAGAACGCGTGTC-1,pancreatitis2
ACCCATCTTGAGGGTA-1,panin2
ACCCATTTGTCCCTCT-1,normal duct 2
ACCCGAGCGAAATTAC-1,pancreatitis3
ACCCGTGTCATCAGTA-1,pancreatitis3
ACCCTATGCCATATCG-1,pancreatitis3
ACCGAAAGGGCCCTGC-1,pancreatitis2
ACCGACTGAGTCCCAC-1,pancreatitis2
ACCGTGACCACGTGGG-1,pancreatitis3
ACCTAAGTACCTTTCA-1,pancreatitis3
ACGACTGGTCATACTC-1,pancreatitis3
ACGAGTCGCCGGCGTT-1,panin1
ACGATCATACATAGAG-1,pancreatitis2
ACGATGCATATGTTAT-1,panin2
ACGCAAACTAATAGAT-1,pancreatitis3
ACGCCAGATGATTTCT-1,pancreatitis2
ACGCCGCTAGACGACC-1,pancreatitis1
ACGGCGGGTTGCCCTG-1,panin1
ACGTACTTTGGCACGG-1,pancreatitis3
ACGTGCGCCTCGTGCA-1,pancreatitis2
ACGTTAATGTCGAAGA-1,pancreatitis1
ACGTTAGATTTGCCCG-1,panin2
ACGTTCCGCGCTCCGT-1,pancreatitis2
ACGTTCGTTCAGGAAA-1,pancreatitis3
ACTACCAGCTCTCTGG-1,panin2
ACTACGCGTTAGAATT-1,pancreatitis3
ACTATGTCCAGCTGCC-1,pancreatitis3
ACTATTTCCGGGCCCA-1,pancreatitis3
ACTCAACGAATGTATT-1,panin1
ACTCAATAAAGGCACG-1,pancreatitis2
ACTCCAATATCATCAT-1,pancreatitis3
ACTCTCTGACTTAGGT-1,pancreatitis1
ACTCTTGTATAGTAAC-1,pancreatitis1
ACTGCCCGCCATTCTC-1,pancreatitis3
ACTGCCGTCGTAACTC-1,pancreatitis2
ACTGTATACGCGAGCA-1,pancreatitis2
ACTGTCCAGGATTATA-1,panin2
ACTTAGTACGACAAGA-1,pancreatitis2
ACTTATCTGATCTATA-1,panin1
ACTTATTAGGATCGGT-1,panin2
ACTTGACTCCCTCTTT-1,pancreatitis1
AGACCATGGGATACAA-1,panin2
AGACCCGCCCTCCTCG-1,panin2
AGACGACGATGCCGCT-1,pancreatitis3
AGACTGTTACCGGGTC-1,pancreatitis3
AGAGAAACACCAGAAA-1,pancreatitis3
AGAGAAGGAGTACAAT-1,pancreatitis3
AGAGCGGGCTAATCAT-1,pancreatitis2
AGAGCGTACAAGCTCG-1,panin2
AGATACGACTTCATAT-1,pancreatitis2
AGATGACTCGCCCACG-1,pancreatitis2
AGATGCAAGACGTGCA-1,pancreatitis3
AGATTATAGGACGTTT-1,panin2
AGCAACCGAAAGTAAT-1,pancreatitis3
AGCACACGTTTAGACT-1,pancreatitis3
AGCACCAGTACTCACG-1,pancreatitis2
AGCACTTAAGGACGCC-1,panin2
AGCCCGGCATTAGAGG-1,pancreatitis3
AGCCCGGTAGCCTGTA-1,pancreatitis3
AGCCCTAAGCGAAGTT-1,pancreatitis2
AGCCCTCCCTGGTGGC-1,pancreatitis3
AGCGACAGGAACGGTC-1,pancreatitis3
AGCGACATCCCATTCA-1,pancreatitis2
AGCGAGACGTGAAGGC-1,pancreatitis3
AGCGGGAAGGGTCCAT-1,pancreatitis2
AGCGTACGAGAGCTAG-1,panin1
AGCGTAGCGCTAGACC-1,panin1
AGCGTCTGAACCCGCA-1,panin1
AGCTAACAAGCAATGT-1,pancreatitis3
AGCTCTAGACGTTCCA-1,pancreatitis1
AGCTGAAGTAAACCAA-1,normal duct
AGCTGTAACCTCAATC-1,pancreatitis3
AGGAAAGCCTCTGATG-1,panin1
AGGACATCGCACGTCG-1,pancreatitis2
AGGCAGGGAGCGTACT-1,pancreatitis3
AGGCCCATTGTACAGG-1,pancreatitis2
AGGCTATGGTTAGCTT-1,panin2
AGGCTTCCCGAAGAAG-1,pancreatitis3
AGGGCGTGATCGGCTA-1,pancreatitis2
AGGGCTGCAGTTACAG-1,pancreatitis1
AGGGTCAGAGCACTCG-1,pancreatitis3
AGGGTGCCGTTCTTTA-1,pancreatitis3
AGGTAACCTCCTATTC-1,pancreatitis2
AGGTAGATCGAGATAT-1,pancreatitis3
AGGTCGCCACTTCGGT-1,panin1
AGGTGGTGACCTTCGC-1,pancreatitis3
AGGTTTCACACACCTT-1,pancreatitis1
AGTAATGTCTTGCCGC-1,pancreatitis2
AGTAGGTAACATACAT-1,pancreatitis2
AGTATAATACTAGGCA-1,panin2
AGTATACACAGCGACA-1,pancreatitis3
AGTATCCATAATAACG-1,panin1
AGTATGCTGGAGACCA-1,pancreatitis3
AGTATTTGGCACGACC-1,pancreatitis3
AGTCAAATGATGTGAT-1,pancreatitis3
AGTCACTCCGCCTCAT-1,panin1
AGTCCAGCGGGTACGT-1,panin1
AGTCGGCCCAAACGAC-1,panin2
AGTCGTGGGCATTACG-1,pancreatitis3
AGTCTCACAAGACTAC-1,pancreatitis3
AGTCTTCTCCTCAAAT-1,pancreatitis2
AGTGACCTACTTTACG-1,pancreatitis1
AGTGACTGTGACACAA-1,pancreatitis3
AGTTAAACACTTGCGA-1,panin2
AGTTCCTATTTATGTT-1,pancreatitis1
AGTTGACATCGGCTGG-1,panin1
ATAAACGGACCCGTAA-1,pancreatitis1
ATAATAGCTGTTGAAT-1,pancreatitis1
ATACCAGGCTAATAGA-1,pancreatitis2
ATACCCTGGCTCAAAT-1,panin1
ATACGCCGATCTACCG-1,panin1
ATACGCCGGCGAAACC-1,pancreatitis1
ATACGGAACGTCGTTT-1,pancreatitis3
ATACTAGCATGACCCT-1,pancreatitis2
ATACTCTCGCCACTCT-1,panin1
ATAGAGTACTGGGACA-1,panin2
ATAGCAACTAGGGAAG-1,normal duct 2
ATAGGGATATCCTTGA-1,pancreatitis2
ATAGGTTGGGCAGATG-1,pancreatitis2
ATAGTGAAGCGTTCTC-1,pancreatitis1
ATATTCCCACAGGTCA-1,pancreatitis2
ATATTTAACCCTCAAG-1,panin2
ATCAAACGAAGGTTTG-1,pancreatitis3
ATCACATTAGAATATC-1,normal duct
ATCACTTCATCCTCGC-1,pancreatitis2
ATCATCCAATATTTGT-1,pancreatitis1
ATCCAACGCAGTCATA-1,panin2
ATCCAGGATTCGTGAA-1,panin2
ATCGACCCAATACAGA-1,pancreatitis1
ATCGACTCTTTCCGTT-1,pancreatitis2
ATCGCACGATTGTTCA-1,panin1
ATCGTGGAAAGTCTGG-1,pancreatitis3
ATCTGACATGGAAGGA-1,pancreatitis3
ATCTGTAATTGTACCC-1,pancreatitis2
ATCTTGACCTGCAACG-1,panin2
ATGACGCCGGCTCTAA-1,pancreatitis2
ATGACGCGTTCTATCC-1,pancreatitis3
ATGACTATCAGCTGTG-1,pancreatitis3
ATGAGGAGTGTTAATC-1,panin2
ATGATCGGGAATAGAC-1,pancreatitis2
ATGCATGATCCAGGAT-1,pancreatitis2
ATGCCGGTTGATGGGA-1,normal duct
ATGGAGCAGGCCGTGA-1,pancreatitis1
ATGGGACCTGCTGAAC-1,pancreatitis3
ATGGGTGTATACCTCC-1,pancreatitis3
ATGTTGTAGTCTGTTT-1,pancreatitis3
ATTAAACATGCGGACC-1,pancreatitis1
ATTAATACTACGCGGG-1,pancreatitis2
ATTACTAGCCTCTTGC-1,pancreatitis2
ATTAGATTGATAGCGG-1,pancreatitis2
ATTAGGCGATGCTTTC-1,pancreatitis1
ATTATGCCATAGGGAG-1,pancreatitis2
ATTATTATGTCCGTCA-1,pancreatitis3
ATTCAGTAGCAGGGTC-1,panin2
ATTCATATACTGTCCA-1,pancreatitis1
ATTCCCACATAAACAA-1,panin2
ATTCCTCCGCCAGTGC-1,panin2
ATTCCTTCCAGGCGGT-1,panin1
ATTCTCGTCTCTTTAG-1,pancreatitis2
ATTGCCTATTAGACCG-1,pancreatitis3
ATTGCTGCTCCTCCAT-1,panin2
ATTGGGAATATCTTGG-1,pancreatitis2
ATTTAACTCGTATTAC-1,pancreatitis2
ATTTCCGGGTTCTGCG-1,pancreatitis3
ATTTGCGCGAGTAGCT-1,pancreatitis3
ATTTGTTCCAGGGCTC-1,pancreatitis2
CAAAGATTATTGGGCC-1,pancreatitis3
CAAATGTCCTTCCGTG-1,pancreatitis1
CAACATGGCCTGATAA-1,panin1
CAACCTACCGAGCAGT-1,normal duct 2
CAACGACCCGTTTACA-1,pancreatitis2
CAACGGTTCTTGATAC-1,pancreatitis2
CAACTCCTTGATCCCG-1,pancreatitis2
CAACTGCTCATCCGAT-1,pancreatitis3
CAACTTGTAGTGGGCA-1,pancreatitis2
CAAGCACCAAATGCCT-1,pancreatitis2
CAAGGATCGCATGTTC-1,pancreatitis1
CAAGGGAGTGTATTTG-1,panin1
CAATATTCTTGACCTA-1,pancreatitis3
CAATATTGGACTAGTG-1,panin1
CAATTAAGGGTGATGA-1,pancreatitis2
CAATTTCGTATAAGGG-1,pancreatitis1
CAATTTGACCGGGAAG-1,panin1
CACACAGGGATAGATT-1,panin2
CACAGAGACGAGGACG-1,pancreatitis3
CACAGCACCCACGGCA-1,panin2
CACAGCTAGGGAGTGA-1,pancreatitis2
CACATAAGGCGACCGT-1,panin1
CACATCGTGCACGCGC-1,pancreatitis3
CACATGATTCAGCAAC-1,pancreatitis1
CACATGTTTGGACATG-1,panin1
CACCAGTCAGCATGCA-1,pancreatitis3
CACCCACACGTCACCC-1,pancreatitis2
CACCCGGTTTGTGACT-1,pancreatitis3
CACCGTTAGGGATCAC-1,pancreatitis3
CACCTAATCAGTTTAC-1,pancreatitis2
CACCTCGATGGTGGAC-1,pancreatitis2
CACGTCGGCAACCTCT-1,pancreatitis3
CACTAAAGTTGCCTAT-1,panin2
CACTCCTATGTAAGAT-1,pancreatitis3
CACTGACGATTGTGGA-1,pancreatitis3
CACTGTCCAAGTGAGA-1,pancreatitis2
CACTTCGCCACAGGCT-1,panin2
CAGAGCATGAGCTTGC-1,pancreatitis2
CAGATACTAACATAGT-1,panin2
CAGCGATTCCCTTCAA-1,pancreatitis3
CAGCTCGTGCTTGTGT-1,pancreatitis2
CAGGATATATCGTTGT-1,pancreatitis1
CAGGCCGTTTGGGTGT-1,panin2
CAGGCGCACGGTGGTC-1,pancreatitis3
CAGGGCTAACGAAACC-1,panin1
CAGTAGCGAGGTAGTA-1,panin1
CAGTCTCTCGGCTAAT-1,panin1
CAGTCTGTATACTGGG-1,pancreatitis1
CAGTGTCCGCAGAATG-1,pancreatitis2
CAGTTCCGCGGGTCGA-1,panin2
CATACAAAGCCGAACC-1,pancreatitis2
CATACACGGTTCCCAC-1,pancreatitis3
CATACGAACTAGCTGG-1,pancreatitis3
CATACGGCGTCTGGGC-1,pancreatitis1
CATACGGGTGCATGAT-1,panin1
CATAGCGTTGCCCACC-1,pancreatitis3
CATAGTAGCATAGTAG-1,pancreatitis2
CATATAGGTACAGTCA-1,pancreatitis1
CATCGAATGGATCTCT-1,panin1
CATCGCCCGCGGCCAA-1,pancreatitis2
CATCGGACGGGTTAAT-1,pancreatitis1
CATGAACCGACATTTG-1,pancreatitis2
CATGATGCACAATTCT-1,pancreatitis2
CATGCGTTAGACAGAA-1,pancreatitis2
CATGGCAGGAAGATCG-1,pancreatitis2
CATGGTCTAGATACCG-1,pancreatitis2
CATTACGTCGGCCCGT-1,pancreatitis2
CATTATCCCATTAACG-1,pancreatitis3
CATTATGCTTGTTGTG-1,panin2
CATTCAGGTCAGTGCG-1,panin1
CCAACCTTATGTAACT-1,pancreatitis3
CCAAGACTTCTGCGAA-1,pancreatitis2
CCAAGCTTGATCTCCT-1,panin1
CCAAGGAACAGAGAGG-1,pancreatitis2
CCAATAGTGCCGTCGA-1,panin2
CCAATGTCACAGCAAG-1,panin2
CCACACTGAGATATTA-1,panin2
CCACAGCTGAAATCAT-1,panin1
CCACCAACTTTACTGT-1,pancreatitis3
CCACTAAACTGAATCG-1,panin1
CCAGAAAGCAACTCAT-1,pancreatitis3
CCAGCCTGGACCAATA-1,pancreatitis1
CCAGCTACGCCTCATA-1,pancreatitis2
CCAGGGACGTGGCCTC-1,panin2
CCAGTCCATTATTCGA-1,panin1
CCAGTGAGCTCCTTGT-1,panin1
CCATAGGTTGGCGTGG-1,pancreatitis2
CCATCCATACCAAGTC-1,pancreatitis2
CCATGCCTGTTTAGTA-1,panin2
CCATGTTCATCTATAT-1,pancreatitis3
CCCAATGAGATTTGCA-1,pancreatitis3
CCCAGTTAAGGCGCCG-1,pancreatitis1
CCCGTAGCTGGGAAGA-1,pancreatitis3
CCCGTGGGTTAATTGA-1,panin1
CCCTAGTGTCAGGTGT-1,panin1
CCCTATGTAGAGCAGA-1,pancreatitis3
CCCTCATTCTGGAATT-1,pancreatitis2
CCCTCGATAATACACA-1,pancreatitis3
CCGACGGGCATGAGGT-1,pancreatitis3
CCGCACGTGACCTCGG-1,panin2
CCGCCGGTCAACACAC-1,pancreatitis2
CCGCGTAGGTAAGGGC-1,panin2
CCGCTATCAGCACCAG-1,pancreatitis1
CCGCTCTTCCGAACTA-1,normal duct 2
CCGCTTACCTCACTCT-1,pancreatitis3
CCGGAATGGTTTCAGT-1,panin2
CCGGCGCATATTGGAT-1,pancreatitis2
CCGGGACCCGCAGAGA-1,pancreatitis2
CCGGTTTGTAATTGTG-1,pancreatitis3
CCGTACCCAAGCGCCA-1,pancreatitis2
CCGTATCTCGTCGTAG-1,pancreatitis3
CCGTGCCCATGACGGC-1,pancreatitis2
CCGTGTTAAATTCCAT-1,pancreatitis3
CCTAAATTAACGGTTC-1,pancreatitis1
CCTAAGTGTCTAACCG-1,panin1
CCTACATTCACAGACG-1,pancreatitis3
CCTACTGCTTACACTT-1,panin2
CCTATACCGTCCTGTC-1,pancreatitis3
CCTATATTTGTCCTGG-1,pancreatitis3
CCTATGGCTCCTAGTG-1,pancreatitis3
CCTATGGGTTACCGTC-1,pancreatitis2
CCTCACCAATCTTGAC-1,pancreatitis2
CCTCATGCAGCTACGA-1,panin1
CCTCTACAAGGATTGG-1,pancreatitis3
CCTCTCTCCCATCTAG-1,panin2
CCTGACCACCGATGGT-1,pancreatitis1
CCTGCGATAGAACTGT-1,panin1
CCTGCTATTTGAGAAG-1,panin2
CCTGTAAGACATGATA-1,panin2
CCTGTCACCCGGGCTC-1,pancreatitis2
CCTGTGCATAGGAGAC-1,panin1
CCTTCAGTTAAAGTGA-1,pancreatitis3
CCTTCTTGATCCAGTG-1,pancreatitis2
CCTTTAAGGGAGCACT-1,pancreatitis3
CGAAGTTGCTCTGTGT-1,panin2
CGAATCTGCTCGACGC-1,pancreatitis3
CGAATGAAGTCATTGC-1,pancreatitis3
CGACAGTTCGCGTTAT-1,panin2
CGAGACCCTAGAGTGT-1,pancreatitis1
CGAGATGTTGCCTATA-1,panin1
CGAGCGTTGATCAGCC-1,pancreatitis2
CGAGCTGGGCTTTAGG-1,pancreatitis2
CGAGGGACTGCGGTCG-1,pancreatitis1
CGAGTGAAGGTACCAG-1,pancreatitis3
CGAGTGCTATAGTTCG-1,pancreatitis2
CGATACCTCGCGGACA-1,panin2
CGATATTAGCCGCAGG-1,panin1
CGATCCGACCCAGTGC-1,panin2
CGATCCTCGCAACATA-1,pancreatitis3
CGCAATTACTTTCGGT-1,panin2
CGCAATTCTACAATAA-1,panin2
CGCACGTCTGTTTATG-1,pancreatitis3
CGCATGGTGCGATGCT-1,pancreatitis1
CGCATTAGCTAATAGG-1,panin2
CGCCACCCGCATTAAC-1,panin1
CGCCCAGCACGCCTAG-1,pancreatitis3
CGCGCAAATGTCCAGA-1,pancreatitis3
CGCGCAAGGAACTACA-1,panin1
CGCGTGCTATCAACGA-1,panin1
CGCGTTCATGAAATAC-1,panin2
CGCTACGGGACATTTA-1,panin2
CGCTATACCGCCCACT-1,pancreatitis2
CGCTATTCTTAGGCTC-1,pancreatitis1
CGCTGTGTGGATGTTG-1,pancreatitis3
CGCTTAGTATTGATAC-1,pancreatitis3
CGCTTCCACTGAAATC-1,pancreatitis2
CGCTTTCATACCGGTG-1,pancreatitis2
CGGAAAGAATCAAACG-1,pancreatitis3
CGGAGCATGGCGATCC-1,pancreatitis1
CGGATGAATGCTGTGA-1,pancreatitis3
CGGCCAGAGCGACCAT-1,pancreatitis3
CGGCTTTGTATGATAA-1,pancreatitis2
CGGGAATTTATGTAAA-1,pancreatitis1
CGGGATCAATGTAAGA-1,pancreatitis2
CGGGCAGCTAAACCGC-1,panin2
CGGGCCTTCTTTGTAA-1,pancreatitis1
CGGGTTGTAGCTTTGG-1,panin1
CGGTCCGTCGCAAGCC-1,pancreatitis3
CGGTCTATCAACCCGT-1,normal duct
CGGTGCGCGTTGGTCC-1,pancreatitis3
CGGTTCCGGCTTCTTG-1,panin1
CGGTTGAGTATCCTTC-1,pancreatitis3
CGTAAACGCTTGAGTG-1,panin1
CGTAAAGCAAGAAATC-1,pancreatitis3
CGTACCTGATAGGCCT-1,pancreatitis2
CGTATTAAGAGATCTA-1,panin2
CGTCAGTGCGCACAAG-1,pancreatitis2
CGTCGCTTGGTTATAC-1,pancreatitis3
CGTCTGGAAGGGCCCG-1,pancreatitis2
CGTGAAGTTAATTCAC-1,pancreatitis1
CGTGACCAGTCCTCTG-1,pancreatitis3
CGTGCAGACTGGGACA-1,pancreatitis1
CGTGCCCTCCCGAAGA-1,pancreatitis1
CGTGCTGGCCTAGTCG-1,panin1
CGTGCTTCTACCTAAA-1,pancreatitis3
CGTGGTACCCAAAGGC-1,pancreatitis3
CGTGTCTCGTTACGAC-1,pancreatitis3
CGTTGCCCGCGTGGGA-1,pancreatitis3
CGTTTAAGCGGAGCAC-1,pancreatitis2
CGTTTGTGTAGAGGGT-1,pancreatitis3
CTAAAGAATGCCTACT-1,panin2
CTAAAGGGAAATAGGA-1,pancreatitis1
CTAAAGTCCGAAGCTA-1,panin1
CTAAATCCGGTGTACA-1,pancreatitis3
CTAACCGCGCGCCCGT-1,panin2
CTAACTGGTCCGGTTC-1,pancreatitis3
CTACAAGAAATAACCC-1,pancreatitis3
CTACGCACGGAGTACC-1,panin2
CTACGTGTTGCCACCA-1,panin1
CTACTCAAGGTATAGT-1,pancreatitis3
CTACTCTAGGCCCGGC-1,panin2
CTACTGCCACCTGACC-1,pancreatitis2
CTAGATAAACTCCTCG-1,panin1
CTAGATTTACGACGGC-1,pancreatitis1
CTAGCAACTAATTTAC-1,panin1
CTAGGCGGCAGAGAAT-1,panin1
CTAGTCACGTCTTAAG-1,pancreatitis1
CTAGTTGGGCCCGGTA-1,pancreatitis2
CTATAGGCGTTGATGT-1,pancreatitis3
CTATATCCAGCCTGGC-1,pancreatitis3
CTATCGGGTCTCAACA-1,pancreatitis1
CTATGTCTATTGAAAC-1,pancreatitis2
CTCAAACCACTGCCCG-1,pancreatitis3
CTCATTTGATGGGCGG-1,pancreatitis2
CTCCGGCCTAATATGC-1,pancreatitis2
CTCCTCCAGCTCACAC-1,pancreatitis3
CTCGAGGTCGAACAGT-1,panin2
CTCGCACCTATATAGT-1,pancreatitis2
CTCGGGTTCTCTGGCC-1,pancreatitis3
CTCGGTACCACTGCTC-1,pancreatitis1
CTCGGTCCGTAGCCTG-1,pancreatitis2
CTCGGTTGTCGGCCCT-1,pancreatitis3
CTCTCTAACTGCCTAG-1,pancreatitis3
CTCTGCGAAGCAAGCA-1,pancreatitis2
CTCTTCTGGAAGTTAG-1,pancreatitis3
CTGAAAGAGATCCGAC-1,pancreatitis2
CTGATCCCTTTATGCA-1,pancreatitis3
CTGCACCTGGAACCGC-1,pancreatitis2
CTGCAGAGAATCAGAG-1,normal duct 2
CTGCCATGCATCACAT-1,pancreatitis1
CTGCCTTTAATACCTT-1,pancreatitis3
CTGCGGGTGAAATGTT-1,panin2
CTGCTGAGGCCACGAA-1,pancreatitis3
CTGGCTCCTGCGGGAT-1,panin1
CTGGCTGCTAACGTAA-1,panin1
CTGGGTAGGCAGTTAA-1,pancreatitis1
CTGTACTTCTTAGCAT-1,panin2
CTGTAGCCATCTCACT-1,pancreatitis3
CTGTGCAGGGTAGGTC-1,pancreatitis1
CTGTTCACTGCCTGTG-1,pancreatitis2
CTGTTCATCTCACGGG-1,panin2
CTGTTGTTCAGTCGTA-1,pancreatitis3
CTTACACTGGGAAATA-1,pancreatitis2
CTTAGTTGAGGAATCG-1,pancreatitis3
CTTCGTAGATAGGTGA-1,panin2
CTTCGTGCCCGCATCG-1,panin1
CTTCTGGGCGTACCTA-1,pancreatitis3
CTTCTTACGTCGTATA-1,pancreatitis2
CTTGACCCGAAAGATA-1,pancreatitis2
CTTGCCCAGGCTCTAC-1,pancreatitis1
CTTGTCGTACGTGTCA-1,panin1
CTTGTGAGGACAGCGG-1,panin1
CTTGTGAGTCTTTGAC-1,pancreatitis2
CTTTAACTTTCAAAGG-1,pancreatitis2
CTTTAGTGCTATTATT-1,pancreatitis1
CTTTGGGATTGTTGCA-1,pancreatitis3
GAAACATAGGAAACAG-1,pancreatitis3
GAAACCGAATTACCTT-1,pancreatitis1
GAAACCTATACAAATG-1,pancreatitis3
GAAACTCGTGCGATGC-1,panin2
GAAAGTGACTAACTGC-1,panin2
GAAATCGCGCGCAACT-1,pancreatitis2
GAAATTCACATCGCTG-1,pancreatitis2
GAAATTGTCTCTATAA-1,pancreatitis1
GAACGACCGAATGATA-1,pancreatitis2
GAAGAACGGTGCAGGT-1,pancreatitis2
GAAGCTCGGACCCGTC-1,pancreatitis3
GAAGGACTAAATTGAA-1,panin1
GAAGGGCATAACCATG-1,panin1
GAAGTGATTTATCGTG-1,panin2
GAAGTGCTGGATAGCT-1,pancreatitis2
GAATAGTGCTCGATTA-1,pancreatitis3
GAATCGACATGGTCAC-1,panin2
GAATCGCCGGACACGG-1,pancreatitis2
GAATCTGAACATTCTC-1,pancreatitis1
GAATGTGGTCCGGATT-1,pancreatitis1
GAATGTTGGGTAATCT-1,pancreatitis2
GAATTTCTCGCTGCAG-1,panin2
GACAACGCAGCTTACG-1,pancreatitis2
GACCGACCGCTAATAT-1,panin1
GACGACTTTCCAAGAA-1,panin1
GACGCTTGCTTCTAAA-1,panin2
GACGGGATGTCTTATG-1,panin1
GACGGGTTGGCCCGTA-1,pancreatitis3
GACGTGAGACTCCATG-1,panin1
GACGTGTAGGGATTAT-1,panin2
GACTGCTGGTGAGAAA-1,pancreatitis3
GAGACTGATGGGTAGA-1,panin2
GAGAGGGCGCGAGGTT-1,panin2
GAGCATCAACAACTTG-1,pancreatitis3
GAGCATCATCCCTGGG-1,pancreatitis2
GAGCCACGGTAGTAGG-1,pancreatitis2
GAGCGAGGGAGTACCG-1,pancreatitis2
GAGCGCTATGTCAGGC-1,panin1
GAGCGCTGTTAGGTAA-1,pancreatitis3
GAGCTCTCGGACCTAA-1,pancreatitis2
GAGGAATGGAGAGGTT-1,panin2
GAGGCCCGACTCCGCA-1,pancreatitis3
GAGGGAGTCAGATCGC-1,pancreatitis3
GAGGGCATCGCGTATC-1,pancreatitis2
GAGGGTAGTAACAAAG-1,pancreatitis3
GAGTACGGGTATACAA-1,pancreatitis2
GAGTATACCCTAATCA-1,pancreatitis3
GAGTCAGACCAGAATC-1,pancreatitis3
GAGTCCGCTTACCGGA-1,pancreatitis1
GATAAATCGGTGGATG-1,pancreatitis2
GATAAGGCAGATGCAA-1,panin1
GATATCTCATGCAATA-1,pancreatitis2
GATATGAGACACTAAC-1,pancreatitis1
GATCAACATAAAGGGA-1,pancreatitis3
GATCATTCCAAACATT-1,panin2
GATCCGGGAATTAACA-1,pancreatitis1
GATCCTCGACACTGGC-1,pancreatitis3
GATCGACACTATCTGA-1,panin2
GATCGCGGGCTCTCCA-1,panin2
GATCGCTATATCTCAG-1,pancreatitis3
GATCGGTGGCCATAAC-1,pancreatitis2
GATCGTGACTGATATC-1,pancreatitis1
GATCTGCTATCTAAGG-1,pancreatitis3
GATCTTGGAGGGCATA-1,pancreatitis1
GATCTTTGCAGGGTAT-1,panin2
GATGACAAGTAGGGCA-1,pancreatitis3
GATGATTTGAAACTGG-1,panin1
GATGCTACAAGCGCCT-1,pancreatitis2
GATGTCCGGATCACAT-1,panin1
GATTAATCCTGGCTCA-1,panin1
GATTCCCTTGTCGCAG-1,pancreatitis2
GATTCGACGGTTCACG-1,pancreatitis1
GATTGCTCCAGTTGCA-1,pancreatitis3
GCAAAGGGCGTTAGCC-1,pancreatitis3
GCAAATATTACGCTTT-1,panin2
GCAAGTGCACAGAGAA-1,panin2
GCAAGTGTAAAGCATG-1,pancreatitis3
GCACAAACCCTAGATG-1,pancreatitis3
GCACGCCTACTTAGAT-1,pancreatitis3
GCACTAGTCGCGCTAT-1,pancreatitis2
GCAGATTAGGGATATC-1,pancreatitis1
GCAGCACACAGCCCAG-1,panin2
GCAGCGGTGGGCATTA-1,panin1
GCAGGACTATAGAATA-1,panin2
GCATCCCTAACTTTGA-1,pancreatitis2
GCCCACCAAGGCTGTC-1,pancreatitis2
GCCCGCGCGTAAACGG-1,pancreatitis3
GCCGACCCACGACTGC-1,pancreatitis3
GCCGATTGGCCAAGCT-1,pancreatitis1
GCCGCTTGTGAGAAAC-1,panin2
GCCGGGTTAGGGTCGC-1,pancreatitis1
GCCGGTTTGGGCGGAT-1,panin1
GCCTATTCCGATATAG-1,panin2
GCCTTCAGCCCTACCG-1,pancreatitis2
GCGACCCAACCATCTG-1,pancreatitis3
GCGAGGCCCGAGCAGA-1,panin2
GCGAGGGACTGCTAGA-1,panin1
GCGCAAATATATTCAA-1,pancreatitis3
GCGCCGTTCCACGATA-1,pancreatitis1
GCGCGTTTAAATCGTA-1,panin1
GCGGACCGCGTTGTGG-1,pancreatitis3
GCGGAGAAACTTCGCA-1,pancreatitis3
GCGGCAAAGTATTGCC-1,pancreatitis3
GCGGCTCTGACGTACC-1,panin2
GCGGGAACCAGGCCCT-1,pancreatitis2
GCGGTAACCCAAATGA-1,panin1
GCGGTCCCTAGACGCA-1,pancreatitis2
GCGTCCAGCTCGTGGC-1,panin1
GCGTCCCTAAGACATA-1,pancreatitis3
GCGTCGAAATGTCGGT-1,pancreatitis2
GCGTCTCTGCATTGGG-1,panin2
GCTACACTGTCCGAAC-1,panin1
GCTACGACTTATTGGG-1,pancreatitis1
GCTAGCGATAGGTCTT-1,pancreatitis3
GCTAGTAGAGCTTGTA-1,pancreatitis1
GCTAGTTTCATTGAGG-1,pancreatitis2
GCTCAATCCGTTTATT-1,pancreatitis3
GCTCCTGACATACTGG-1,pancreatitis3
GCTCTTTCCGCTAGTG-1,pancreatitis3
GCTGAATCTTCCAATC-1,pancreatitis3
GCTGAGGCGTGAGTAT-1,pancreatitis1
GCTGCACGGTTTCTTA-1,pancreatitis1
GCTGGCATATTCACCT-1,panin2
GCTGGGTCCGCTGTTA-1,panin1
GCTGTATTACTGGCCC-1,pancreatitis3
GCTTCCAGCTTAGATT-1,panin1
GCTTGATGATAATCAG-1,panin2
GGAAACTAAATGGGCC-1,normal duct 2
GGAACCTTGACTCTGC-1,pancreatitis3
GGACCTCTAGGCCGCC-1,pancreatitis3
GGACTCGTGAGTGGTC-1,pancreatitis3
GGAGACGACACCTTTG-1,pancreatitis1
GGAGGAGTGTGTTTAT-1,panin1
GGAGTGCCGCCCTGGA-1,pancreatitis2
GGATCCCTACCAGCTA-1,panin1
GGATCTTACTGCCCTT-1,pancreatitis3
GGATGACGCGAGTTTA-1,panin2
GGATTCCGCTATACCC-1,normal duct
GGCAAAGGCGCCAATA-1,pancreatitis3
GGCAAATTACTTTACT-1,pancreatitis1
GGCAAGGCGAAATAGC-1,pancreatitis1
GGCCGAGACTCTGGTG-1,pancreatitis3
GGCCGTTTGGGTTTCA-1,pancreatitis3
GGCGAGCATCGAGGAC-1,panin1
GGCGCATGAATTGATG-1,pancreatitis1
GGCGTCCTATCCGCTG-1,panin2
GGCTACTATACACTCC-1,pancreatitis3
GGCTCCTCCACCTGTT-1,pancreatitis3
GGCTGGCTAGCTTAAA-1,panin1
GGGAACCACCTGTTTC-1,panin1
GGGAACGGGAGGTTAG-1,panin2
GGGAACGGTTTCAGAT-1,pancreatitis3
GGGACAGAGTTACTCC-1,pancreatitis3
GGGACCCGTATATCTT-1,pancreatitis3
GGGAGGATGCCCGAAA-1,panin2
GGGAGTAATGGCTGGC-1,pancreatitis2
GGGATTATCTCACAAC-1,panin1
GGGCAACCGCACGTGC-1,pancreatitis3
GGGCCCGTCTTAAACA-1,pancreatitis1
GGGCGATATGTGTGAA-1,panin2
GGGCGTTTACATTCAT-1,pancreatitis3
GGGCTATGATCGATGG-1,pancreatitis3
GGGTAATGCTGTGTTT-1,panin1
GGGTACTTCATGAACT-1,panin2
GGGTATGTATGCACTT-1,panin2
GGGTCAGGAGCTAGAT-1,pancreatitis3
GGGTGACACCTTAACT-1,pancreatitis1
GGGTGTTTCAGCTATG-1,pancreatitis2
GGGTTTCCGGCTTCCA-1,panin1
GGTAACCGGGAGGATA-1,pancreatitis3
GGTAACTATGTATCTG-1,pancreatitis2
GGTACAAACATGCTAT-1,pancreatitis1
GGTATCAAGCATAGAA-1,panin1
GGTATTGCCGAGTTTA-1,panin2
GGTCGGTAATTAGACA-1,pancreatitis2
GGTCTCCGTCCAGGTT-1,normal duct 2
GGTCTCTGAATGGACT-1,pancreatitis3
GGTGAACGGGCTAGCC-1,panin1
GGTGAAGTACAGGGAT-1,pancreatitis3
GGTGAGATGCAGATAA-1,pancreatitis2
GGTGATTTCATCTTGT-1,pancreatitis2
GGTGCATAAATGATTA-1,pancreatitis3
GGTGCGGATAAGTGGC-1,pancreatitis2
GGTTAGTTACGGCGCC-1,panin2
GGTTTAATTACCATCG-1,pancreatitis3
GGTTTGAGTGCTGGAA-1,pancreatitis2
GTAACTGCCCAAGGAG-1,pancreatitis3
GTAACTTGCGGCAGTC-1,pancreatitis2
GTAAGCGGGCAGTCAG-1,pancreatitis2
GTAAGTAACAGTCTGG-1,pancreatitis1
GTAAGTAGGGTATACC-1,panin2
GTACACTTACCTGAAG-1,pancreatitis1
GTACGAGATTGCGACA-1,pancreatitis2
GTACGTTTGCCCGTCA-1,pancreatitis1
GTACTAAGATTTGGAG-1,panin2
GTACTGAGGTCGTAAC-1,pancreatitis2
GTACTGCATGAAGCGT-1,pancreatitis2
GTACTTGGGCACTTCT-1,pancreatitis2
GTAGACGTCGTTACAT-1,pancreatitis2
GTAGAGGGAGACAAGT-1,pancreatitis3
GTAGCGGCTATACACT-1,pancreatitis1
GTAGCTCCGGGAGGCT-1,pancreatitis3
GTAGTTCGAAGGCGAA-1,pancreatitis3
GTATAGGACTCAGTAG-1,pancreatitis2
GTATATGTTACGGCGG-1,panin1
GTATCGGGACGAGCTG-1,panin1
GTATCTCAGTCTTGAC-1,pancreatitis3
GTATCTTTCATAACCA-1,pancreatitis1
GTATGACGTGGGAAAC-1,panin1
GTATTCTGAGAAACGA-1,pancreatitis3
GTATTCTTACCGTGCT-1,panin1
GTCAAGCGGACTCGGG-1,pancreatitis1
GTCACTCTCCAAATCT-1,panin2
GTCATGGACATGACTA-1,pancreatitis2
GTCATTAGAGCGAACG-1,pancreatitis1
GTCCAATATTTAGCCT-1,pancreatitis3
GTCGCCGTTGTGTGTT-1,pancreatitis3
GTCGCGTAACCCGTTG-1,pancreatitis1
GTCGTACCATCTCGGG-1,pancreatitis1
GTCGTCAATTATAAGG-1,pancreatitis2
GTCTATCTGAGTTTCT-1,panin2
GTGAAACGTGCTCCAC-1,pancreatitis2
GTGAGGACACTTAAGG-1,pancreatitis1
GTGATCAAGCGTGCAC-1,pancreatitis3
GTGATCATAGATCTGC-1,pancreatitis1
GTGATTCGCCGCTCAA-1,pancreatitis3
GTGCAACAAATGTGGC-1,pancreatitis2
GTGCACCAGCTTCAAC-1,pancreatitis3
GTGCACGAAAGTGACT-1,pancreatitis2
GTGCGCAGCTTGCTCC-1,panin1
GTGCGGGTCTCCAAAT-1,pancreatitis2
GTGCGTGTATATGAGC-1,pancreatitis1
GTGGACGTGCTGAGAC-1,pancreatitis2
GTGGAGTCGGCGGTTG-1,pancreatitis3
GTGGGTCTTCTTTGCG-1,panin1
GTGGTATAGTCTGCCG-1,pancreatitis3
GTGTGAGCCGAGGTGC-1,panin1
GTGTTACTATGCGTCC-1,pancreatitis1
GTTACGAAATCCACGC-1,panin1
GTTACTTTGGGCCTAG-1,pancreatitis1
GTTCACAGGAGTCTAG-1,panin2
GTTCCAAGACAGCGAC-1,panin1
GTTCCAGTCTGACCAT-1,pancreatitis2
GTTCGACAATTGTATA-1,pancreatitis3
GTTCGCCATAAGTGCC-1,panin2
GTTCTTCCCTCGATGT-1,pancreatitis2
GTTGGATTTGCGTTGG-1,panin2
GTTGTCGTGTTAGTTG-1,pancreatitis2
GTTTCTGCAGTCTCCC-1,pancreatitis1
GTTTGACCAAATCCTA-1,panin2
GTTTGGCCCAAGTTAT-1,pancreatitis1
GTTTGGCCGCTCAGCG-1,pancreatitis2
GTTTGGTGATCGGTGC-1,pancreatitis3
TAAACCCAGGAGGGCA-1,pancreatitis3
TAAAGAGCCCGAAACC-1,pancreatitis2
TAAAGCGGTATTTCCA-1,pancreatitis3
TAAATGAATCCGTTTC-1,panin2
TAACAGCGTTTGTGCT-1,pancreatitis3
TAACATACAATGTGGG-1,pancreatitis1
TAACATACACGCGATC-1,pancreatitis3
TAACCGCCCGCAGTGC-1,pancreatitis2
TAACCGTCCAGTTCAT-1,panin1
TAACGCTTTGAGAGCG-1,panin2
TAACTATCGAAGGTCC-1,panin2
TAAGATTTAGCGGGAG-1,panin1
TAAGCGCGAATCAAAT-1,pancreatitis3
TAAGGAACTTGTGGGA-1,pancreatitis2
TAAGGCAACATAAGAT-1,pancreatitis2
TAAGGCATAACATCAA-1,pancreatitis3
TAAGTCGCCGAGTATC-1,pancreatitis3
TAATACACAGTAGTAT-1,pancreatitis2
TAATAGAACAGAGTTA-1,pancreatitis3
TAATAGGTCACCAGAA-1,pancreatitis3
TAATATTGAAATTCGC-1,pancreatitis2
TAATTACGTCAGTAGA-1,normal duct 2
TACAAGTCTCGTGCAT-1,panin2
TACATAGGCATACACC-1,pancreatitis1
TACCAGGAATCCCGTC-1,pancreatitis3
TACCTCACGCTTGTAC-1,pancreatitis2
TACCTCAGTTGTCTGT-1,pancreatitis3
TACCTCCACACCAATG-1,pancreatitis3
TACCTGCTGCACTGTG-1,panin2
TACGACGCTTGCTGCG-1,pancreatitis1
TACGACTGCCTCTTAG-1,pancreatitis1
TACGAGAACTTCACGT-1,panin2
TACGATGTTGATCATC-1,panin2
TACGCCATATTCTAAT-1,pancreatitis1
TACGCCGAGGGTACCC-1,pancreatitis3
TACGCTGCTGTGTTAA-1,pancreatitis3
TACGTAAAGCGGAGTG-1,normal duct 2
TACGTACTAGTGCTGA-1,pancreatitis3
TACGTGCACTATGCTG-1,panin2
TACTATGGTTCCTCAG-1,pancreatitis3
TACTCCTCTAGTTGAC-1,pancreatitis3
TACTCTTTCGTCTTCA-1,pancreatitis3
TACTGAACAGATTTAG-1,pancreatitis3
TAGAACGCCAGTAACG-1,panin1
TAGAATAGCCGATGAA-1,normal duct 2
TAGAGCTACGAAGAAC-1,pancreatitis2
TAGAGTCTAAGCGAAC-1,panin2
TAGCGTTGGGTCTTAC-1,pancreatitis1
TAGCTAAGTCCGGGAG-1,panin2
TAGCTAGTGATGATGG-1,pancreatitis3
TAGGTCCAAGTAAGGA-1,panin2
TAGGTTCGAGTTCGTC-1,pancreatitis1
TAGTAGCTTATACCAG-1,pancreatitis3
TAGTCCCGGAGACCAC-1,pancreatitis3
TAGTCCTGCACTAAGC-1,pancreatitis3
TAGTTTATTCTTGCTT-1,pancreatitis2
TATACACGCAAAGTAT-1,pancreatitis2
TATAGAGTCGCTTGAA-1,pancreatitis3
TATATAGGGCTTTACG-1,pancreatitis3
TATATATCGAGAAATG-1,pancreatitis3
TATCCATATCATGCGA-1,pancreatitis2
TATCCGCACCGTCGGG-1,pancreatitis3
TATCCTGCATGGGAAT-1,pancreatitis2
TATCTACAGAGGTAAT-1,panin2
TATCTACCACAGCGGG-1,pancreatitis1
TATGAAGACAGGTGCG-1,panin2
TATGATTCTGCTTGGT-1,panin1
TATGCTCCCTACTTAC-1,pancreatitis2
TATGGAGTTTCTCGTT-1,panin1
TATGGATGTGCTACGC-1,panin2
TATGGCAGACTTTCGA-1,panin1
TATGGCCCGGCCTCGC-1,panin2
TATGGGACCGAGCAGG-1,panin2
TATGGGTACGTATCGT-1,panin2
TATGTAAAGTGCTTAA-1,pancreatitis3
TATTAACCTGACCGCG-1,pancreatitis3
TATTCCTCCGCCCACT-1,pancreatitis3
TATTTAGTCTAGATCG-1,pancreatitis2
TCAAACAACCGCGTCG-1,pancreatitis2
TCAAAGTCACGGCGTC-1,pancreatitis3
TCAACAAAGATAATTC-1,pancreatitis3
TCAACACATTGGGTAA-1,pancreatitis2
TCAACATAGCGCCCTA-1,pancreatitis3
TCAACGAGGAGACAAA-1,pancreatitis1
TCAACGCAGGAAATAA-1,pancreatitis3
TCACCCTCTTAAGATT-1,pancreatitis1
TCACGATGTCCGTGGA-1,pancreatitis3
TCACGTGCCCGATTCA-1,pancreatitis1
TCACTATCGTGCAATC-1,panin1
TCAGCAGTAGGCCCTG-1,pancreatitis3
TCAGTGTATACGTCAT-1,pancreatitis3
TCATCGATGGTCCCAA-1,pancreatitis3
TCATGCAGGTTCTCAT-1,normal duct
TCCAACTTTAAATTCT-1,panin2
TCCAATAAAGGCTACC-1,pancreatitis3
TCCACCTCTAGCCTTT-1,pancreatitis3
TCCAGAGCACCGGTTC-1,pancreatitis1
TCCAGGCGAGTACGGT-1,panin2
TCCATTAGTTGGATAG-1,panin1
TCCCAGCTTTAGTCTG-1,panin2
TCCCGCGTACTCCTGG-1,pancreatitis2
TCCCGGGTGTGCTGCT-1,panin2
TCCCTCCGAAATCGTT-1,panin1
TCCGATAATTGCCATA-1,pancreatitis2
TCCGATTACATTGCCG-1,panin2
TCCTAACCGTCGGGCA-1,pancreatitis3
TCCTCGGGCTGGGCTT-1,pancreatitis1
TCCTCTACGAGATGGC-1,panin2
TCCTTCAGTGGTCGAA-1,pancreatitis2
TCGAATATCCCGCAGG-1,pancreatitis3
TCGAGACCAACACCGT-1,panin2
TCGAGCCAGGCAGGCC-1,pancreatitis3
TCGCATTCAATGACTT-1,pancreatitis2
TCGCCGGTCGATCCGT-1,pancreatitis2
TCGCCTCGACCTGTTG-1,panin1
TCGCGTCCAGAAGGTC-1,panin2
TCGCTGTGCGTAAATC-1,pancreatitis2
TCGGAATGCGCTCTGA-1,panin2
TCGGGTGAAACTGCTA-1,pancreatitis2
TCGGTCCCGACAATAG-1,pancreatitis3
TCGTATAGTGCAATTA-1,pancreatitis2
TCGTCAAGTACGCGCA-1,pancreatitis3
TCGTTGGCTCGTCAAT-1,panin1
TCTAATACTGCCTCAG-1,pancreatitis3
TCTACCGTCCACAAGC-1,pancreatitis2
TCTAGTTATCAGAAGA-1,panin2
TCTATCATGCAGTTAC-1,pancreatitis2
TCTATCGGTCGCAACA-1,pancreatitis2
TCTATTACGCTGGCGA-1,pancreatitis2
TCTCTAATAGCTGGTA-1,pancreatitis2
TCTCTTACCGCGAACC-1,pancreatitis3
TCTGACTGTAATGGTT-1,panin1
TCTGCATACCTTGCTT-1,normal duct 2
TCTGCCAGAAACTGCA-1,pancreatitis1
TCTGTCATACAAGAGC-1,pancreatitis2
TCTGTGACTGACCGTT-1,panin1
TCTGTTACCCAGCATA-1,pancreatitis3
TCTTACAGAGGTACCG-1,pancreatitis2
TCTTACGGCATCCGAC-1,panin2
TCTTCGAATAGACGTT-1,pancreatitis1
TCTTGGTAACACCAAA-1,pancreatitis2
TGAAACCTCAACTCAC-1,panin1
TGAACAAGCAGGGACT-1,pancreatitis3
TGAACACCCGAAGCAG-1,panin1
TGAATGAGTGTTTCCC-1,pancreatitis3
TGACCCAACTCACATT-1,panin1
TGAGAATGCTTTACCG-1,pancreatitis2
TGAGCTTTAATGACGC-1,normal duct
TGATACATTTAGCCGT-1,pancreatitis3
TGATGGGACTAAGTCA-1,panin1
TGATTCCCGGTTACCT-1,pancreatitis3
TGATTTCCTCCTGACG-1,pancreatitis2
TGCAAACCCACATCAA-1,panin1
TGCAGAGTACCGAGCA-1,panin2
TGCAGTGGTAGGGAAC-1,pancreatitis3
TGCATGAGTAGATTCG-1,panin1
TGCATGGATCGGATCT-1,pancreatitis2
TGCATGTGACCCATAG-1,pancreatitis3
TGCCGATGTCATCAAT-1,panin1
TGCCGGATGTACGAGC-1,pancreatitis3
TGCCTGATCAAACGAT-1,pancreatitis2
TGCCTTGCCCTTACGG-1,panin1
TGCGACGGCCGAACGT-1,pancreatitis3
TGCGAGAAACGTTACG-1,panin1
TGCGAGAATATTACCC-1,pancreatitis3
TGCGGAGTAAAGGTGC-1,pancreatitis2
TGCGGCATAGTTCAAC-1,pancreatitis2
TGCGTTTGTTGACACT-1,pancreatitis1
TGCTATGGCAAAGGGA-1,pancreatitis3
TGCTGTTGAAGAACTC-1,pancreatitis1
TGCTTAGAGAGAATGC-1,pancreatitis3
TGCTTGAAACCATGCA-1,panin1
TGGAAACGGAGTGAAC-1,panin1
TGGAAGACGAACACCA-1,pancreatitis2
TGGAAGGATAAAGATG-1,pancreatitis2
TGGACCACGGCGTTGA-1,panin1
TGGACGCAATCCAGCC-1,pancreatitis3
TGGCAGATTACGATCA-1,pancreatitis1
TGGCAGCAGTAATAGT-1,pancreatitis1
TGGCTACACTCTACCT-1,normal duct 2
TGGCTTTGGGTAGACA-1,pancreatitis2
TGGGAAATGCCTTTCC-1,panin2
TGGGCCACAAGAGCGC-1,pancreatitis2
TGGTACCGGCACAGCC-1,panin1
TGTAACTTGTCAACCT-1,panin1
TGTATCCTTATTCCAT-1,pancreatitis2
TGTCCCGACATAGCAC-1,pancreatitis2
TGTCGGCATGGTGGAA-1,panin1
TGTCTACAGTTTCTGT-1,pancreatitis2
TGTGGTTGCTAAAGCT-1,pancreatitis3
TGTGTCGCGAGTTGCA-1,panin2
TGTTCCGCTTCCATGA-1,panin2
TGTTTCGGTACTTCTC-1,pancreatitis2
TTAAACAGAGTCCCGC-1,panin1
TTAAACCGGTAGCGAC-1,pancreatitis2
TTAACCAACCCTCCCT-1,pancreatitis2
TTAACGTCGCAAGACC-1,pancreatitis2
TTAAGGCCCGTACTTT-1,pancreatitis3
TTAATTTCAGACGCGG-1,pancreatitis2
TTACCGCCTTAGGGAA-1,panin1
TTACGGTGTCACCGAG-1,panin1
TTACTGGGATATTTCA-1,pancreatitis1
TTAGAATAAGGGTCGG-1,pancreatitis3
TTAGGTCATAACCGAC-1,pancreatitis3
TTAGGTGTGACTGGTC-1,panin1
TTATATACGCTGTCAC-1,pancreatitis1
TTATATTTGGCAATCC-1,pancreatitis2
TTATCATACTCGCAAA-1,panin1
TTATCCAATCGAACTC-1,pancreatitis2
TTATCTGTATCATAAC-1,pancreatitis2
TTATGAATGAAAGGGA-1,pancreatitis1
TTATTAGGGAAGCATC-1,pancreatitis2
TTATTTCATCCCAAAC-1,panin1
TTCAACGACCCGACCG-1,pancreatitis2
TTCACGAAAGGATCAC-1,panin2
TTCACTTCCTAGAACG-1,pancreatitis3
TTCAGAGTAACCTGAC-1,panin1
TTCATAGCCTTGTAAC-1,panin1
TTCCGCGTGAGGCGAT-1,pancreatitis1
TTCCTTTCTGTGTTGC-1,panin1
TTCGCACTCGCGTGCT-1,panin2
TTCGCGCGCCATACGA-1,pancreatitis3
TTCGGGCGCTAGTCTT-1,pancreatitis3
TTCGTACTCCAGAACG-1,panin2
TTCTACCTCAATCGGT-1,pancreatitis3
TTCTACTTGCGAGGGC-1,panin2
TTCTAGAAAGTCTTAT-1,pancreatitis3
TTCTGCGGGTTAGCGG-1,pancreatitis1
TTCTTAGTGAACGGTG-1,pancreatitis2
TTCTTAGTGGCTCAGA-1,pancreatitis2
TTCTTGAGCCGCGCTA-1,pancreatitis3
TTCTTGGACGATCTGC-1,pancreatitis3
TTCTTGTAACCTAATG-1,panin2
TTGACCGTGTTAATGA-1,pancreatitis3
TTGACGATTCAGCACG-1,pancreatitis2
TTGATTAGCTGTTTCT-1,pancreatitis3
TTGCACAATTCAGAAA-1,pancreatitis1
TTGCACGGAGCAGCAC-1,pancreatitis2
TTGCCTAATCCAAAGT-1,pancreatitis3
TTGCGTCGGCCAACCG-1,pancreatitis3
TTGCTAGCTACCAATC-1,panin1
TTGCTGAAGGAACCAC-1,pancreatitis2
TTGCTGATCATGTTCG-1,panin2
TTGGATTGGGTACCAC-1,pancreatitis2
TTGGCTCGCATGAGAC-1,panin2
TTGGGACACTGCCCGC-1,pancreatitis2
TTGTAATCCGTACTCG-1,panin2
TTGTCGTTCAGTTACC-1,pancreatitis2
TTGTGGCCCTGACAGT-1,pancreatitis2
TTGTTCAGTGTGCTAC-1,pancreatitis2
TTGTTTCACATCCAGG-1,pancreatitis3
TTGTTTCATTAGTCTA-1,pancreatitis3
