Barcode,cell type
AAACATGGTGAGAGGA-1,panin1
AAACGAAGATGGAGTA-1,panin1
AAACGTGTTCGCCCTA-1,tumor
AAACTTAATTGCACGC-1,panin1
AAAGAATGACCTTAGA-1,panin1
AAAGTAGCATTGCTCA-1,pancreatitis1
AAATAGGGTGCTATTG-1,tumor
AAATCGCGGAAGGAGT-1,panin1
AAATTGGTGAGAAGCA-1,tumor
AACAACTGGTAGTTGC-1,tumor
AACCCATCCCATGATC-1,panin1
AACCTCGCTTTAGCCC-1,panin2
AACGAAAGTCGTCCCA-1,panin1
AAGACCAAATAACTCA-1,panin1
AAGCACCCTGCGTATC-1,panin2
AAGCTCTTTCATGGTG-1,panin2
AAGTGCGTTAGAATCT-1,pancreatitis1
AATGTGCCCGAGGTGT-1,pancreatitis1
AATTACGAGACCCATC-1,panin1
AATTCATTGTCATGCA-1,panin1
ACAACGGTCCCTGCGA-1,tumor
ACAAGGACAAGAGGTT-1,tumor
ACAAGGATGCTTTAGG-1,panin2
ACACATGATCAAATCT-1,panin1
ACAGAACTGAGAACAA-1,pancreatitis1
ACATAAGTCGTGGTGA-1,panin1
ACCAAACACCCAGCGA-1,tumor
ACCAATATGCAAGTTA-1,panin2
ACCGAAGAGTCTGGTT-1,panin1
ACCGGTCAGGTACACC-1,panin1
ACCGTCCACTGGGCCC-1,panin1
ACCTAAGTACCTTTCA-1,pancreatitis1
ACCTCCGTTATTCACC-1,tumor
ACGAGGTTTACAACGT-1,panin1
ACGATCATCTTGTAAA-1,tumor
ACGCTAGTGATACACT-1,tumor
ACGGACTCTCAAAGCG-1,panin2
ACGGATGGTGCGGATA-1,panin2
ACGGCTGGATGTAGAA-1,panin1
ACGGGAGTGTCGGCCC-1,pancreatitis1
ACGTTAATGTCGAAGA-1,tumor
ACGTTCGCAATCAATT-1,tumor
ACTCAAGTGCAAGGCT-1,panin2
ACTCGTAACCCGTCCT-1,pancreatitis1
ACTGTAGCACTTTGGA-1,tumor
ACTTACGCATCCACGC-1,panin2
ACTTCCAGTGGAAGCT-1,panin1
ACTTCCATGCGGGACA-1,panin2
ACTTGACTCCCTCTTT-1,tumor
ACTTTGGTCGTGCTCC-1,panin1
AGAACCCTCAATTGGG-1,panin1
AGAAGTGATTCGTGAT-1,pancreatitis1
AGACCATGGGATACAA-1,tumor
AGAGCGTACAAGCTCG-1,tumor
AGATACCAGCACTTCA-1,tumor
AGCAAAGGCCGCTAGT-1,panin2
AGCCACAGGTTACCCG-1,panin2
AGCCGTGGCTAAATGT-1,pancreatitis1
AGCGTGGTATTCTACT-1,tumor
AGCTGTAACCTCAATC-1,pancreatitis1
AGGCCACCCGTTATGA-1,tumor
AGGCCTGAGAATCTCG-1,panin2
AGGCGGTTTGTCCCGC-1,panin1
AGGGTCAGTAACCCTA-1,tumor
AGTCGGCTCAACTTTA-1,pancreatitis1
AGTCGTGGGCATTACG-1,pancreatitis1
AGTCTCACAAGACTAC-1,pancreatitis1
AGTGAGCCTCGCCGCC-1,tumor
AGTGGCGTCTGAAGGT-1,panin2
AGTTAAGTCAACCGCT-1,pancreatitis1
AGTTACCCTTAAGACT-1,tumor
AGTTTGCACCTGCCTC-1,panin2
ATAATAGTGTAGGGAC-1,tumor
ATAATCTTGGAGAACC-1,panin2
ATACCGTCATCCATAA-1,tumor
ATACTGCCTTACACCG-1,panin2
ATATAGAGTATTGGTC-1,panin1
ATATCAATTCCAGCCT-1,panin1
ATATTCCACATAGTGA-1,tumor
ATATTGCTGTCAAAGT-1,tumor
ATCATTGTACCGCATT-1,panin1
ATCCAGAGCAACAACC-1,tumor
ATCGGAGACAGACGGC-1,tumor
ATCTGCACCTCTGCGA-1,tumor
ATGACGCGTTCTATCC-1,pancreatitis1
ATGCACGCGCTGTTCA-1,panin1
ATGCTCAGTGTTGCAT-1,tumor
ATGCTCTGGCGCGGTA-1,panin2
ATGTAAGGCTGCTCTT-1,tumor
ATGTGGACATCTTGAT-1,tumor
ATTATAGCTACTTTAC-1,tumor
ATTCATCGTTGAGGCA-1,panin2
ATTGTACAACTCGGCT-1,tumor
CAAGAGGGCGGAGTAC-1,tumor
CAAGGATCGCATGTTC-1,tumor
CAAGGTCCTATAGGCT-1,tumor
CAATTGGGCCGCACTC-1,panin1
CACATATTAGCAGGAT-1,tumor
CACATCTCACCGACGA-1,panin2
CACCAATCATCCGTCT-1,panin1
CACCCAAATCTTATGT-1,tumor
CACCCTAACAAGATCT-1,panin2
CACTCGAGCTGAACAA-1,tumor
CACTTCGCCACAGGCT-1,tumor
CAGAGACGGTCACCCA-1,tumor
CAGCAGTCTGTGCTGC-1,panin2
CAGCTGGCGTAACCGT-1,pancreatitis1
CAGGCGCACGGTGGTC-1,pancreatitis1
CAGTAAGGGACGTCTC-1,panin1
CATAAGAAGCTTGGCT-1,panin2
CATACTTAGGCAATAC-1,tumor
CATATGTCAGGCTACG-1,pancreatitis1
CATCAAACTGGCGCCC-1,tumor
CATGAGATGCACTCTC-1,panin2
CATGGTAAGTAGCGTT-1,tumor
CATGGTATTAGTTTGT-1,panin1
CCACATGGCTCTTTAT-1,panin1
CCACGGAGCCATAAGA-1,pancreatitis1
CCATAGAGGCTGCCAG-1,panin1
CCCTTTGACAGGTCTT-1,tumor
CCGAAGCATTGACCAA-1,panin1
CCGACGGGCATGAGGT-1,pancreatitis1
CCGCGCAAGATACCCA-1,panin1
CCGGTAATGGCTAGTC-1,tumor
CCGTATCTCGTCGTAG-1,pancreatitis1
CCTATATCGTGTCACG-1,panin1
CCTATTATTCCGGCCG-1,panin1
CCTCTATCGATTAGCA-1,pancreatitis1
CCTGGCTAGACCCGCC-1,tumor
CCTTTGAATTATGGCT-1,panin1
CGAGTGAAGGTACCAG-1,pancreatitis1
CGATGTTGTTATCTAC-1,panin1
CGATTCGCCTGGCTGC-1,panin2
CGCAAACACGAGTTAC-1,tumor
CGCATGGTGCGATGCT-1,tumor
CGCGACCGCGACAGAT-1,panin2
CGCGAGTCTGCCGGGT-1,pancreatitis1
CGCGCAAATGTCCAGA-1,pancreatitis1
CGCGCATGTTTGATTG-1,tumor
CGCTATTCAATGTATG-1,tumor
CGGAGCATGGCGATCC-1,tumor
CGGATCCTCAAGGACT-1,panin2
CGGTGTACTTGATCCC-1,tumor
CGGTTTACTGAACATT-1,panin1
CGTCGGGTCTAAGCGC-1,pancreatitis1
CGTGCAGACTGGGACA-1,tumor
CGTGTCCCATTCGCGA-1,tumor
CGTTCATGGTGCGCGT-1,pancreatitis1
CGTTGAATACCGCGCT-1,panin2
CTAACAGCACAATAAC-1,panin1
CTACTATCATAGGTTT-1,pancreatitis1
CTAGATGTGAGTGTAA-1,tumor
CTAGATTTACGACGGC-1,tumor
CTAGGTCTGAAGGAAT-1,tumor
CTAGTAGAAAGGGATT-1,panin2
CTATACTTAAAGCGAG-1,panin1
CTCAACTAACCCGGAT-1,panin2
CTCATGGTAATTTGCG-1,pancreatitis1
CTCATTGCTCTAACAA-1,panin2
CTCCCTCCTTTCGATC-1,pancreatitis1
CTCGAGACATACGATA-1,panin1
CTCGCATTGCATAGCC-1,panin1
CTCGGTTGTCGGCCCT-1,pancreatitis1
CTCTCGCTGTACTATG-1,tumor
CTGAATCCGAGACCTC-1,tumor
CTGCTTGGCGATAGCT-1,tumor
CTGGATTTACACTTGA-1,tumor
CTGGCATCCGAATGAG-1,pancreatitis1
CTGGTAACGAGCTCTT-1,tumor
CTGTATGGTGTAGAAA-1,tumor
CTGTTACCCAATCTAG-1,tumor
CTTAGTGTAGTAGCAT-1,panin2
CTTCAACTCCACTTGG-1,panin2
CTTTAATATTGGTCGA-1,tumor
CTTTGTCGAATGCTCC-1,panin1
GAACCTTTAACGATCC-1,panin2
GAAGCCGGGTAAGCTC-1,tumor
GAAGCTCGGACCCGTC-1,pancreatitis1
GAAGCTTGCTGACCGC-1,tumor
GAATCGACATGGTCAC-1,tumor
GAATGAAGGTCTTCAG-1,tumor
GAATTCACCCGGGTGT-1,tumor
GACGCATACCCGTCGG-1,panin1
GACTAAGTAGGCTCAC-1,tumor
GACTACAAAGCGGTGG-1,pancreatitis1
GACTCCTTCCAATTGA-1,panin1
GACTCGCGGGAATGAC-1,tumor
GACTGCAAATCGAGCT-1,panin2
GAGCACCTGTGTCCAG-1,panin2
GAGGCATTTGCAGCAG-1,tumor
GAGGCCCGACTCCGCA-1,pancreatitis1
GAGTGTCAACCAGAAA-1,panin2
GAGTTCTGTGGGTGCT-1,panin1
GATATCAAGCAGGAGC-1,panin1
GATCCGGGAATTAACA-1,tumor
GATCGTGACTGATATC-1,tumor
GATGCCTTCTGCGGCA-1,panin1
GATGGCGCACACATTA-1,tumor
GATGTAACGAACCACC-1,pancreatitis1
GATGTTTGTGCGAGAT-1,tumor
GATTCGACGGTTCACG-1,tumor
GCAAGCTGGAAACCGC-1,panin1
GCACAACCTCGGGCGT-1,panin1
GCAGCCTATATCACAT-1,tumor
GCAGTGTGGCTATAGG-1,panin2
GCATTTCCAAGGCTCC-1,tumor
GCCATCGATGCTGCAT-1,tumor
GCCATTAGCCTCAAAC-1,panin1
GCCCGACTTCTTCCCG-1,pancreatitis1
GCCCGAGAGTCTAAAT-1,panin1
GCCGTGGAAGAAATGT-1,tumor
GCCTATTCCGATATAG-1,tumor
GCCTTTGTCAGTGGAC-1,panin1
GCGACGATAGTTGTAC-1,tumor
GCGCATCCAGTCAGCA-1,tumor
GCGGTCCCGGTGAAGG-1,tumor
GCGTAAATGGCCATAA-1,tumor
GCTCTATGTTACGTGC-1,tumor
GCTGCACGGTTTCTTA-1,tumor
GCTGCTACTGCGTAGC-1,tumor
GCTGGTTTAGGCCATA-1,panin1
GGACAAGCCATGATCG-1,panin1
GGACGTCCATAGTTGG-1,tumor
GGATTCAGTACGGTGG-1,tumor
GGATTGCTGTGACTCC-1,panin2
GGCAAGCCAGGGATAG-1,tumor
GGGAAGGGCTTTCTCA-1,panin2
GGGATGGACCCGCGTC-1,panin1
GGGCACTATTGACCAT-1,panin1
GGGCAGGATTTCTGTG-1,panin1
GGGCGTGGTTTCCCAG-1,panin2
GGGTATTCTAGCAAAC-1,panin1
GGTAACCGGGAGGATA-1,pancreatitis1
GGTATAGTGACACATA-1,tumor
GGTCATTGTAGTCATA-1,tumor
GGTTAGGCTTGGAGAA-1,tumor
GGTTTGCGAACACGTA-1,tumor
GTAAGTAGGGTATACC-1,tumor
GTACGCTTCATTGCAC-1,tumor
GTAGCGGCTATACACT-1,tumor
GTAGTCTACGATATTG-1,panin2
GTATGAAATTTCACTC-1,pancreatitis1
GTCAAAGAAGTGGTGT-1,panin1
GTCACTCTCCAAATCT-1,tumor
GTCCCGCGACGTTATG-1,panin2
GTCCTACTCTACGGGC-1,panin1
GTCCTTCTACAACCCA-1,tumor
GTCGCGTAACCCGTTG-1,tumor
GTCTCCTGCCAGTATG-1,panin1
GTCTTGAGGAGCAGTG-1,tumor
GTGAGTGGTACAACGC-1,tumor
GTGATCCTTGTCATGA-1,panin2
GTGGAGCGTTTACCGA-1,panin1
GTGGCAAACAGCGGCA-1,pancreatitis1
GTGGGCTTAGACACAC-1,tumor
GTGTATATCAGCGGGC-1,panin2
GTGTTACTATGCGTCC-1,tumor
GTTATATTATCTCCCT-1,tumor
GTTGAGTCCCGCCGGT-1,tumor
GTTTATGGGATTTAGA-1,tumor
GTTTCTGCAGTCTCCC-1,tumor
GTTTGTTAGCCAAGTA-1,panin1
TAAATGAATCCGTTTC-1,tumor
TAACATACAATGTGGG-1,tumor
TAACATACACGCGATC-1,pancreatitis1
TAACCTACCGTCCGAG-1,tumor
TAAGCCCTTACGACCA-1,tumor
TACAGAAACGGTGGGC-1,panin2
TACATGACCTTATCCG-1,tumor
TACCAGAAGTAGGTTC-1,tumor
TACCTTAAGATTTCCC-1,pancreatitis1
TACGCTATAGAAACCT-1,tumor
TACGTGCACTATGCTG-1,tumor
TACTGAGGGAAGAAAG-1,panin1
TACTTTCCGCACGCCA-1,pancreatitis1
TAGATATGGACTGGAA-1,tumor
TAGCGTCCGGTGTGGT-1,tumor
TAGCGTTGGGTCTTAC-1,tumor
TAGCTCGCCTGATAAC-1,tumor
TAGGCGATGAGGTCTC-1,panin1
TAGGTGACGATAACCT-1,panin2
TAGTACCACAACTTTC-1,panin1
TATATGCTGGGTTGCC-1,tumor
TATCAGTGGCGTAGTC-1,panin1
TATCTGAGCCGATATT-1,panin1
TATCTTGCAATACAAC-1,panin1
TATGTAGAAACCCGGC-1,panin1
TATTATGTTTGCCTGC-1,panin1
TATTCCACTCAGCTCG-1,tumor
TCAACAAAGATAATTC-1,pancreatitis1
TCACGATGTCCGTGGA-1,pancreatitis1
TCAGACGCTATAGAAG-1,tumor
TCAGCTTGAGCTTTCG-1,panin1
TCAGGGCGACTTCCTT-1,tumor
TCATCACTCGAGCTCG-1,tumor
TCCAATGCGTCGCCGC-1,panin1
TCCAGAGCACCGGTTC-1,tumor
TCCCTGGCGTATTAAC-1,panin1
TCCGGCCTAGCGTACA-1,tumor
TCCGGTTCGTCCGGTC-1,tumor
TCCTCCTAAGACATTC-1,pancreatitis1
TCGACAACTGAACCCG-1,panin1
TCGAGTCTACGATTCG-1,panin1
TCGCAAAGATGCATTT-1,tumor
TCGTTAGGAGTCCCTA-1,tumor
TCTACGGGCTCAGTTG-1,tumor
TCTAGGTGGCGACGCT-1,tumor
TCTTCGAATAGACGTT-1,tumor
TCTTTAGCAGGCGAAC-1,tumor
TGAATATGCTATAAAC-1,tumor
TGACAGGACAAGTCCA-1,panin1
TGACATCGAGCGGACC-1,tumor
TGAGGCATGTACTGTG-1,panin1
TGAGTAAATTAGCGTA-1,tumor
TGCAATCTAACACGGT-1,panin2
TGCAGTGAGGCTCGGG-1,tumor
TGCGCGATTAACGGAG-1,tumor
TGCGTCATGACTGAGC-1,pancreatitis1
TGGACCAATCTAAGAT-1,panin2
TGGAGTGATGCGATGA-1,tumor
TGGCATGAAGTTTGGG-1,panin1
TGGCCGTATATTGACC-1,tumor
TGGCGATCAAGTTATG-1,tumor
TGGCTATGTGACATAC-1,panin2
TGGCTTATGTATAATG-1,panin1
TGGCTTGTACAAGCTT-1,tumor
TGGGAAATGCCTTTCC-1,tumor
TGGTCCCACGCTACGG-1,tumor
TGGTCTAGCTTACATG-1,tumor
TGGTTAACTTACATTT-1,panin1
TGTAAGACTGATAAGA-1,panin1
TGTTTCTGAAGCGTGC-1,panin1
TTAATTGCTTTGGGTG-1,panin2
TTATAGGTAATTGTCT-1,panin2
TTATGACAAACTGGAT-1,tumor
TTATTAGAGCGTGTTC-1,tumor
TTCGCCGCTCGCGCTA-1,panin1
TTCTACTTGCGAGGGC-1,tumor
TTCTCTTACAGGTGAT-1,panin1
TTGAACGACGTGCTGA-1,panin2
TTGAAGGATGGGCGCC-1,panin1
TTGCCATAGCCCGCTC-1,pancreatitis1
TTGCCGCTTTCTAGTA-1,panin2
TTGCGCTCTCTCGCTT-1,tumor
TTGGAAGAATACAGTC-1,pancreatitis1
TTGGTTGCGGTGCGCG-1,pancreatitis1
TTGTCACCGCGGTATC-1,panin1
TTGTGCAGCCACGTCA-1,panin2
TTGTGCGGAAGCGGAT-1,panin1
TTGTGGTAGGAGGGAT-1,pancreatitis1
